INSERT INTO Pessoa (Username, Email, Senha) VALUES
('antonioribeiro', 'antonio@gmail.com', 'toni#'),
('lucianacarvalho', 'luciana@gmail.com', 'luci#'),
('felipearaujo', 'felipe@gmail.com', 'lipe#'),
('tatianemendes', 'tatiana@gmail.com', 'allthethingshesaid'),
('gustavonascimento', 'gustavo.nascimento@email.com', 'gustavo#123'),
('marianacruz', 'mariana.cruz@email.com', 'mariana@789'),
('rodrigobarbosa', 'rodrigo.barbosa@email.com', 'rodrigo#456'),
('camilaferreira', 'camila.ferreira@email.com', 'camila#789'),
('leonardosouza', 'leonardo.souza@email.com', 'leonardo#321'),
('vanessalima', 'vanessa.lima@email.com', 'vanessa#654'),
('ricardocavalcante', 'ricardo.cavalcante@email.com', 'ricardo#987'),
('isabellemartins', 'isabelle.martins@email.com', 'isabelle#111'),
('andremiranda', 'andre.miranda@email.com', 'andre#222'),
('nataliamelo', 'natalia.melo@email.com', 'natalia#333'),
('brunocastro', 'bruno.castro@email.com', 'bruno#444'),
('alineoliveira', 'aline.oliveira@email.com', 'aline#555'),
('viniciustorres', 'vinicius.torres@email.com', 'vinicius#666'),
('danieladias', 'daniela.dias@email.com', 'daniela#777'),
('henriquecosta', 'henrique.costa@email.com', 'henrique#888'),
('patriciafigueiredo', 'patricia.figueiredo@email.com', 'patricia#999'),
('joaopedroalves', 'joao.pedro.alves@email.com', 'joao#000'),
('samiracardoso', 'samira.cardoso@email.com', 'samira#112'),
('fabriciomonteiro', 'fabricio.monteiro@email.com', 'fabricio#223'),
('sabrinasantos', 'sabrina.santos@email.com', 'sabrina#334'),
('marcelorodrigues', 'marcelo.rodrigues@email.com', 'marcelo#445'),
('biancaramos', 'bianca.ramos@email.com', 'bianca#556'),
('fernandovieira', 'fernando.vieira@email.com', 'fernando#667'),
('moniquealmeida', 'monique.almeida@email.com', 'monique#778'),
('alexandresilva', 'alexandre.silva@email.com', 'alexandre#889'),
('janainapereira', 'janaina.pereira@email.com', 'janaina#990'),
('evandropaixao', 'evandro.paixao@email.com', 'evandro@101'),
('renataandrade', 'renata.andrade@email.com', 'renata#202'),
('caiocampos', 'caio.campos@email.com', 'caio#109'),
('larissamartins', 'larissa.martins@email.com', 'larissa#303'),
('gustavocorreia', 'gustavo.correia@email.com', 'gustavo#404'),
('tatianebastos', 'tatiane.bastos@email.com', 'tatiane#2024'),
('marcelatavares', 'marcela.tavares@email.com', 'marcela#505'),
('eduardogomes', 'eduardo.gomes@email.com', 'eduardo#606'),
('paulomoraes', 'paulo.moraes@email.com', 'paulo@123'),
('danielaviana', 'daniela.viana@email.com', 'daniela!456'),
('thiagofreitas', 'thiago.freitas@email.com', 'thiago#707'),
('clarissabarbosa', 'clarissa.barbosa@email.com', 'clarissa!123'),
('brunavieira', 'bruna.vieira@email.com', 'bruna#808'),
('rafaelmontenegro', 'rafael.montenegro@email.com', 'rafael#909'),
('isadorasouza', 'isadora.souza@email.com', 'isadora#010'),
('caiofernandes', 'caio.fernandes@email.com', 'caio#121'),
('thamiresribeiro', 'thamires.ribeiro@email.com', 'thamires#232'),
('mateuscunha', 'mateus.cunha@email.com', 'mateus#343'),
('priscilafonseca', 'priscila.fonseca@email.com', 'priscila#454'),
('samuelalbuquerque', 'samuel.albuquerque@email.com', 'samuel#565'),
('joaoferreira', 'joao1@email.com', 'joao123j'),
('mariasilva', 'maria.silva@email.com', 'mari@456'),
('carlosrocha', 'carlos.r@email.com', 'c@rlos789'),
('fernandolima', 'fernando.lima@email.com', 'f3rn@ndoL'),
('anacastro', 'ana.castro@email.com', 'anaC#2024'),
('pedrosouza', 'pedro.souza@email.com', 'P3dro@321'),
('laisvieira', 'lais.vieira@email.com', 'Vieira!45'),
('gabrielmoura', 'gabriel.m@email.com', 'G@moura123'),
('julianafonseca', 'juliana.f@email.com', 'Juli@456!'),
('andreluiz', 'andre.luiz@email.com', 'A_Luiz2024'),
('beatrizsantos', 'bia.santos@email.com', 'Bia_S@ntos'),
('lucasmarques', 'lucas.marques@email.com', 'Lmarq_99'),
('carolpires', 'carol.pires@email.com', 'CarolP!2025'),
('rodrigosouza', 'rodrigo.souza@email.com', 'Rod@Souza'),
('isabelcosta', 'isabel.costa@email.com', 'Isa_C0st@'),
('ricardomartins', 'ricardo.m@email.com', 'Ric@rdoM12'),
('amandaoliveira', 'amanda.oli@email.com', 'A_Oliveira1'),
('thiagoribeiro', 'thiago.ribeiro@email.com', 'T#Ribeir0'),
('rafaelalmeida', 'rafael.a@email.com', 'Raf_Alm321'),
('paulohenrique', 'paulo.h@email.com', 'PauloH_22!'),
('monicadias', 'monica.dias@email.com', 'Moni@cD2024'),
('eduardocardoso', 'eduardo.cardoso@email.com', 'Edu_Card0s0'),
('tatirodrigues', 'tatiane.rod@email.com', 'Tat!Rodr456'),
('sergiocampos', 'sergio.campos@email.com', 'S#rgi0_85'),
('luanamorais', 'luana.morais@email.com', 'L_Morais99!'),
('felipeandrade', 'felipe.andrade@email.com', 'Fel!p3_A@'),
('camilaalves', 'camila.alves@email.com', 'C@milaAlv33'),
('gustavopereira', 'gustavo.p@email.com', 'Gust@voP44'),
('marcosvinicius', 'marcos.v@email.com', 'M_Vini2025'),
('alinebarbosa', 'aline.barbosa@email.com', 'A_Barb0s@'),
('joaovicente', 'joao.vicente@email.com', 'Joa@V2024'),
('deborafernandes', 'debora.f@email.com', 'Deb@Fern!'),
('henriquepassos', 'henrique.p@email.com', 'H_Passos88'),
('robertosantos', 'roberto.santos@email.com', 'Rob_Sant0s'),
('katiaramos', 'katia.ramos@email.com', 'KatiaR@m99'),
('mateusfonseca', 'mateus.f@email.com', 'M_F0nseca'),
('renatocosta', 'renato.costa@email.com', 'R_Costa@2024'),
('priscilaazevedo', 'priscila.az@email.com', 'Pris_Az456!'),
('adrianosilva', 'adriano.s@email.com', 'Adri@noS12'),
('larissamonteiro', 'larissa.m@email.com', 'Lar!ssaM23'),
('nathaliagomes', 'nathalia.g@email.com', 'N_Gomes@78'),
('williamtavares', 'william.t@email.com', 'WillTav2024'),
('sabrinaviana', 'sabrina.v@email.com', 'S_Viana!99'),
('danielborges', 'daniel.b@email.com', 'DaniBorg#21'),
('marianasantos', 'mariana.s@email.com', 'Mar!Santos88'),
('humbertorocha', 'humberto.r@email.com', 'H_Rocha77'),
('patriciamelo', 'patricia.m@email.com', 'P_Melo@456'),
('fabianoribeiro', 'fabiano.r@email.com', 'Fab!anoR123'),
('clarissacastro', 'clarissa.c@email.com', 'Clar@C2025'),
('leonardobrandao', 'leonardo.b@email.com', 'LeoBrand@o55'),
('leoncio', 'leon.cio@g.com', 'meuoiiayu44'),
('leoncio2', 'leon.c2io@g.com', 'met32iiayu44'),
('leoncio3', 'leon.o@g.com', 'meu1SST44'),
('leoncio4', 'leon.ci33o@g.com', 'meuoiia35644'),
('leoncio5', 'leon.ci35o@g.com', 'meuotyuu@5644'),
('leoncio6', 'leon.ci34o@g.com', 'meu!!sgt644'),
('leoncio7', 'leon.ci1o@g.com', 'meuoiisaw!4'),
('leoncio8', 'leon.ci343o@g.com', 'meusaw644'),
('camilasantos', 'camilaaaa@gmail.com', 'ssisTuor55!'),
('tiagomelo' , 'tiagooomeloo@gmail.com', 'homiDeee50!');

INSERT INTO U_Publico (Username) VALUES
('antonioribeiro'),
('lucianacarvalho'),
('felipearaujo'),
('tatianemendes'),
('gustavonascimento'),
('marianacruz'),
('rodrigobarbosa'),
('camilaferreira'),
('leonardosouza'),
('vanessalima'),
('ricardocavalcante'),
('isabellemartins'),
('andremiranda'),
('nataliamelo'),
('brunocastro'),
('alineoliveira'),
('viniciustorres'),
('danieladias'),
('henriquecosta'),
('patriciafigueiredo'),
('joaopedroalves'),
('samiracardoso'),
('fabriciomonteiro'),
('sabrinasantos'),
('marcelorodrigues'),
('biancaramos'),
('fernandovieira'),
('moniquealmeida'),
('alexandresilva'),
('janainapereira'),
('evandropaixao'),
('renataandrade'),
('caiocampos'),
('larissamartins'),
('gustavocorreia'),
('tatianebastos'),
('marcelatavares'),
('eduardogomes'),
('paulomoraes'),
('danielaviana'),
('thiagofreitas'),
('clarissabarbosa'),
('brunavieira'),
('rafaelmontenegro'),
('isadorasouza'),
('caiofernandes'),
('thamiresribeiro'),
('mateuscunha'),
('priscilafonseca'),
('samuelalbuquerque'),
('leoncio'),
('leoncio2'),
('leoncio3'),
('leoncio4'),
('leoncio5'),
('leoncio6'),
('leoncio7'),
('leoncio8'),
('leonardobrandao'),
('camilasantos'),
('tiagomelo');

INSERT INTO U_Admin (USERNAME, NOME, CODIGO) VALUES
('joaoferreira', 'João Ferreira', 101),
('mariasilva', 'Maria Silva', 102),
('carlosrocha', 'Carlos Rocha', 103),
('fernandolima', 'Fernando Lima', 104),
('anacastro', 'Ana Castro', 105),
('pedrosouza', 'Pedro Souza', 106),
('laisvieira', 'Lais Vieira', 107),
('gabrielmoura', 'Gabriel Moura', 108),
('julianafonseca', 'Juliana Fonseca', 109),
('andreluiz', 'Andre Luiz', 110),
('beatrizsantos', 'Beatriz Santos', 111),
('lucasmarques', 'Lucas Marques', 112),
('carolpires', 'Carol Pires', 113),
('rodrigosouza', 'Rodrigo Souza', 114),
('isabelcosta', 'Isabel Costa', 115),
('ricardomartins', 'Ricardo Martins', 116),
('amandaoliveira', 'Amanda Oliveira', 117),
('thiagoribeiro', 'Thiago Ribeiro', 118),
('rafaelalmeida', 'Rafael Almeida', 119),
('paulohenrique', 'Paulo Henrique', 120),
('monicadias', 'Monica Dias', 121),
('eduardocardoso', 'Eduardo Cardoso', 122),
('tatirodrigues', 'Tati Rodrigues', 123),
('sergiocampos', 'Sérgio Campos', 124),
('luanamorais', 'Luana Morais', 125),
('felipeandrade', 'Felipe Andrade', 126),
('camilaalves', 'Camila Alves', 127),
('gustavopereira', 'Gustavo Pereira', 128),
('marcosvinicius', 'Marcos Vinicius', 129),
('alinebarbosa', 'Aline Barbosa', 130),
('joaovicente', 'João Vicente', 131),
('deborafernandes', 'Débora Fernandes', 132),
('henriquepassos', 'Henrique Passos', 133),
('robertosantos', 'Roberto Santos', 134),
('katiaramos', 'Katia Ramos', 135),
('mateusfonseca', 'Mateus Fonseca', 136),
('renatocosta', 'Renato Costa', 137),
('priscilaazevedo', 'Priscila Azevedo', 138),
('adrianosilva', 'Adriano Silva', 139),
('larissamonteiro', 'Larissa Monteiro', 140),
('nathaliagomes', 'Nathalia Gomes', 141),
('williamtavares', 'William Tavares', 142),
('sabrinaviana', 'Sabrina Viana', 143),
('danielborges', 'Daniel Borges', 144),
('marianasantos', 'Mariana Santos', 145),
('humbertorocha', 'Humberto Rocha', 146),
('patriciamelo', 'Patrícia Melo', 147),
('fabianoribeiro', 'Fabiano Ribeiro', 148),
('clarissacastro', 'Clarissa Castro', 149),
('leonardobrandao', 'Leonardo Brandão', 150);

INSERT INTO Filme (Nome, Ano, ID_Filme, DURACAO, GENERO, Sinopse, Diretor, Idioma, Nota_agregada) VALUES
('O Poderoso Chefão', 1972, 1, 175, 'Crime', 'A saga da família mafiosa Corleone.', 'Francis Ford Coppola', 'Inglês', 9.2),
('Clube da Luta', 1999, 2, 139, 'Drama', 'Um insatisfeito executivo conhece um vendedor de sabão e funda um clube secreto.', 'David Fincher', 'Inglês', 8.8),
('A Origem', 2010, 3, 148, 'Ficção Científica', 'Um ladrão invade sonhos para plantar ideias.', 'Christopher Nolan', 'Inglês', 8.7),
('Cidade de Deus', 2002, 4, 130, 'Crime', 'Jovens crescendo em meio à violência do Rio de Janeiro.', 'Fernando Meirelles', 'Português', 8.6),
('Pulp Fiction', 1994, 5, 154, 'Crime', 'Histórias interligadas de criminosos em Los Angeles.', 'Quentin Tarantino', 'Inglês', 8.9),
('Forrest Gump', 1994, 6, 142, 'Drama', 'A vida de um homem simples que presencia eventos históricos.', 'Robert Zemeckis', 'Inglês', 8.8),
('O Senhor dos Anéis: O Retorno do Rei', 2003, 7, 201, 'Fantasia', 'A conclusão épica da jornada de Frodo e Aragorn.', 'Peter Jackson', 'Inglês', 9.0),
('Interestelar', 2014, 8, 169, 'Ficção Científica', 'Astronautas viajam através de um buraco de minhoca em busca de um novo lar.', 'Christopher Nolan', 'Inglês', 8.6),
('Matrix', 1999, 9, 136, 'Ficção Científica', 'Um hacker descobre a verdade sobre a realidade.', 'Lana Wachowski, Lilly Wachowski', 'Inglês', 8.7),
('Gladiador', 2000, 10, 155, 'Ação', 'Um general romano busca vingança após ser traído.', 'Ridley Scott', 'Inglês', 8.5),
('O Iluminado', 1980, 11, 146, 'Terror', 'Um homem enlouquece ao vigiar um hotel isolado.', 'Stanley Kubrick', 'Inglês', 8.4),
('Parasita', 2019, 12, 132, 'Drama', 'Uma família pobre se infiltra na casa de uma família rica.', 'Bong Joon-ho', 'Coreano', 8.6),
('Django Livre', 2012, 13, 165, 'Faroeste', 'Um escravo liberto busca resgatar sua esposa.', 'Quentin Tarantino', 'Inglês', 8.4),
('O Lobo de Wall Street', 2013, 14, 180, 'Comédia', 'A história real de um corretor da bolsa.', 'Martin Scorsese', 'Inglês', 8.2),
('Os Infiltrados', 2006, 15, 151, 'Crime', 'Um policial infiltrado tenta derrubar um chefão do crime.', 'Martin Scorsese', 'Inglês', 8.5),
('Vingadores: Ultimato', 2019, 16, 181, 'Ação', 'Os heróis tentam reverter o estalo de Thanos.', 'Anthony Russo, Joe Russo', 'Inglês', 8.4),
('Batman: O Cavaleiro das Trevas', 2008, 17, 152, 'Ação', 'Batman enfrenta o Coringa no auge do crime em Gotham.', 'Christopher Nolan', 'Inglês', 9.0),
('Whiplash', 2014, 18, 107, 'Drama', 'Um jovem baterista tenta impressionar um professor exigente.', 'Damien Chazelle', 'Inglês', 8.5),
('Os Suspeitos', 1995, 19, 106, 'Crime', 'Cinco criminosos se encontram em uma cela e planejam um golpe.', 'Bryan Singer', 'Inglês', 8.5),
('O Sexto Sentido', 1999, 20, 107, 'Terror', 'Um menino vê pessoas mortas e busca ajuda.', 'M. Night Shyamalan', 'Inglês', 8.1),
('Titanic', 1997, 21, 195, 'Romance', 'O romance entre Jack e Rose durante o naufrágio do Titanic.', 'James Cameron', 'Inglês', 7.9),
('O Rei Leão', 1994, 22, 88, 'Animação', 'A jornada de um jovem leão para assumir seu trono.', 'Roger Allers, Rob Minkoff', 'Inglês', 8.5),
('De Volta para o Futuro', 1985, 23, 116, 'Ficção Científica', 'Um jovem viaja no tempo com um carro modificado.', 'Robert Zemeckis', 'Inglês', 8.5),
('O Fabuloso Destino de Amélie Poulain', 2001, 24, 122, 'Comédia', 'Uma jovem tenta melhorar a vida das pessoas ao seu redor.', 'Jean-Pierre Jeunet', 'Francês', 8.3),
('O Pianista', 2002, 25, 150, 'Drama', 'Um músico judeu luta para sobreviver durante o Holocausto.', 'Roman Polanski', 'Inglês', 8.5),
('Tropa de Elite', 2007, 26, 115, 'Ação', 'A realidade das operações do BOPE no Rio de Janeiro.', 'José Padilha', 'Português', 8.0),
('Corra!', 2017, 27, 104, 'Terror', 'Um jovem negro descobre um segredo assustador na casa dos sogros.', 'Jordan Peele', 'Inglês', 7.8),
('O Artista', 2011, 28, 100, 'Drama', 'A transição do cinema mudo para o falado.', 'Michel Hazanavicius', 'Francês', 7.9),
('Bastardos Inglórios', 2009, 29, 153, 'Guerra', 'Soldados judeus-americanos caçam nazistas na Segunda Guerra Mundial.', 'Quentin Tarantino', 'Inglês', 8.3),
('A Bela e a Fera', 1991, 30, 84, 'Animação', 'Uma jovem se apaixona por um príncipe amaldiçoado.', 'Gary Trousdale, Kirk Wise', 'Inglês', 8.0),
('Os Oito Odiados', 2015, 31, 187, 'Faroeste', 'Caçadores de recompensa ficam presos em uma cabana durante uma nevasca.', 'Quentin Tarantino', 'Inglês', 7.8),
('A Vida é Bela', 1997, 32, 116, 'Drama', 'Um pai faz de tudo para proteger seu filho no Holocausto.', 'Roberto Benigni', 'Italiano', 8.6),
('Os Intocáveis', 2011, 33, 112, 'Comédia', 'A amizade entre um tetraplégico e seu cuidador.', 'Olivier Nakache, Éric Toledano', 'Francês', 8.5),
('O Estranho Mundo de Jack', 1993, 34, 76, 'Animação', 'O Rei do Halloween descobre o Natal.', 'Henry Selick', 'Inglês', 8.0),
('O Diabo Veste Prada', 2006, 35, 109, 'Comédia', 'Uma jovem trabalha para uma chefe exigente no mundo da moda.', 'David Frankel', 'Inglês', 6.9);

INSERT INTO Tags (ID_FILME, TAG) VALUES
(1, 'Sci-Fi'),
(1, 'Action'),
(2, 'Mind-Bending'),
(2, 'Dreams'),
(3, 'Crime'),
(3, 'Family'),
(4, 'Gangster'),
(4, 'Violence'),
(5, 'Superhero'),
(5, 'Psychological'),
(6, 'Rebellion'),
(6, 'Fight'),
(7, 'Inspirational'),
(7, 'Heartwarming'),
(8, 'Justice'),
(8, 'Friendship'),
(9, 'Sicilian'),
(9, 'Power'),
(10, 'Fantasy'),
(10, 'Epic'),
(11, 'Quest'),
(11, 'Adventure'),
(12, 'Battle'),
(12, 'Good vs Evil'),
(13, 'Alien'),
(13, 'War'),
(14, 'Space'),
(14, 'Rebellion'),
(15, 'Thriller'),
(15, 'Mind-Control'),
(16, 'Martial Arts'),
(16, 'Revenge'),
(17, 'Dinosaurs'),
(17, 'Adventure'),
(18, 'Illusion'),
(18, 'Trickery'),
(19, 'Hero'),
(19, 'Vengeance'),
(20, 'Time Travel'),
(20, 'Exploration'),
(21, 'Psychological'),
(21, 'Serial Killer'),
(22, 'Mystery'),
(22, 'Investigation'),
(23, 'Cyborg'),
(23, 'Future'),
(24, 'Post-Apocalyptic'),
(24, 'Survival'),
(25, 'Financial'),
(25, 'Greed'),
(26, 'Holocaust'),
(26, 'Tragedy'),
(27, 'War'),
(27, 'Revenge'),
(28, 'Suspense'),
(28, 'Conspiracy'),
(29, 'Humanity'),
(29, 'Prison'),
(30, 'Entrepreneur'),
(30, 'Business'),
(31, 'Satire'),
(31, 'Corruption'),
(32, 'Spy'),
(32, 'Terrorist'),
(33, 'Space Exploration'),
(33, 'AI'),
(34, 'Witchcraft'),
(34, 'Adventure'),
(35, 'Romantic'),
(35, 'Historical');

INSERT INTO Avaliacao (ID_FILME, USERNAME, NOTA, DESCRICAO) VALUES
(1, 'antonioribeiro', 9.0, 'Excelente filme, a trama é incrível e a atuação fantástica.'),
(2, 'lucianacarvalho', 8.5, 'Muito bom, mas achei que o final poderia ter sido melhor.'),
(3, 'felipearaujo', 8.7, 'Uma história muito interessante, a execução foi impecável.'),
(4, 'tatianemendes', 9.2, 'Absolutamente impressionante, um dos melhores filmes brasileiros.'),
(5, 'gustavonascimento', 8.8, 'Excelente mistura de gêneros, a narrativa é envolvente.'),
(6, 'marianacruz', 8.0, 'Um drama muito bem feito, mas acho que poderia ter sido mais dinâmico.'),
(7, 'rodrigobarbosa', 9.5, 'Uma obra-prima, realmente épica, com uma narrativa emocionante.'),
(8, 'camilaferreira', 8.9, 'Os efeitos especiais são incríveis e a trama é muito bem construída.'),
(9, 'leonardosouza', 9.0, 'Ótimo filme, a atuação dos atores principais é de altíssimo nível.'),
(10, 'vanessalima', 8.4, 'Bastante ação, mas com uma história muito envolvente e emocionante.'),
(11, 'ricardocavalcante', 8.3, 'O filme tem uma boa história, mas não me empolgou tanto assim.'),
(12, 'isabellemartins', 8.6, 'Muito interessante, mas algumas cenas poderiam ser melhor exploradas.'),
(13, 'andremiranda', 8.1, 'Uma história emocionante, mas achei algumas partes um pouco longas.'),
(14, 'nataliamelo', 9.3, 'A história é sensacional e muito bem feita, a atuação é nota 10.'),
(15, 'brunocastro', 8.2, 'Um bom filme de crime, mas achei a trama um pouco previsível.'),
(16, 'alineoliveira', 9.4, 'Excelente conclusão para a saga, foi tudo que eu esperava.'),
(17, 'viniciustorres', 8.5, 'Um dos melhores filmes da série, mas não é perfeito.'),
(18, 'danieladias', 9.0, 'Incrível! As cenas de ação são impressionantes.'),
(19, 'henriquecosta', 8.8, 'Muito bom, mas um pouco longo para o meu gosto.'),
(20, 'patriciafigueiredo', 7.5, 'O filme tem boa ideia, mas achei que poderia ter sido mais assustador.'),
(21, 'joaopedroalves', 8.0, 'Uma história tocante, mas o final poderia ter sido diferente.'),
(22, 'samiracardoso', 8.9, 'Um ótimo clássico, com belas animações e personagens memoráveis.'),
(23, 'fabriciomonteiro', 8.7, 'Bom filme de viagem no tempo, mas a história foi um pouco confusa.'),
(24, 'sabrinasantos', 8.3, 'Um conto encantador, com um visual único, mas me deixou com algumas dúvidas.'),
(25, 'marcelorodrigues', 8.5, 'Adorei a narrativa, mas senti falta de mais desenvolvimento de personagens.'),
(26, 'biancaramos', 8.4, 'Excelente filme, mas a parte do conflito ficou um pouco aquém.'),
(27, 'fernandovieira', 9.0, 'História muito forte e envolvente, adorei o clima de mistério.'),
(28, 'moniquealmeida', 9.2, 'Ótima escolha de elenco, história envolvente e cenas emocionantes.'),
(29, 'alexandresilva', 8.8, 'O filme é uma obra-prima, mas achei que as cenas poderiam ser mais intensas.'),
(30, 'janainapereira', 8.0, 'Muito bonito, mas a história não me cativou completamente.'),
(31, 'evandropaixao', 9.0, 'Muito emocionante, adorei as performances dos atores.'),
(32, 'renataandrade', 9.1, 'Filme muito bem feito, com um roteiro que mistura comédia e drama.'),
(33, 'caiocampos', 7.8, 'Um filme com uma boa história, mas com alguns momentos bem previsíveis.'),
(34, 'larissamartins', 9.0, 'Ótimo filme, com um toque único de magia e mistério.'),
(35, 'gustavocorreia', 8.3, 'Muito interessante, mas achei que poderia ter um pouco mais de desenvolvimento no enredo.'),
(2, 'tatianebastos', 8.6, 'Adorei a mistura de ação e espionagem, mas o final deixou a desejar.'),
(2, 'marcelatavares', 8.7, 'Muito bom, mas não me surpreendeu tanto quanto eu esperava.'),
(2, 'eduardogomes', 8.5, 'Muito bem feito, mas poderia ter um ritmo mais rápido em alguns momentos.'),
(2, 'paulomoraes', 8.4, 'Gostei da história, mas não acho que foi um dos melhores filmes que vi.'),
(3, 'danielaviana', 9.0, 'Adorei o estilo visual do filme e a temática abordada.'),
(9, 'thiagofreitas', 9.2, 'Um dos melhores filmes que já vi, cada cena é um impacto.'),
(9, 'clarissabarbosa', 8.1, 'Bom, mas o desenvolvimento dos personagens não foi tão bom quanto eu esperava.'),
(9, 'brunavieira', 8.7, 'Excelente história, mas achei que poderia ter mais momentos de ação.'),
(9, 'rafaelmontenegro', 9.0, 'A trama é maravilhosa e o final me deixou sem palavras.'),
(9, 'isadorasouza', 8.5, 'Muito bom, mas achei que o roteiro poderia ter sido um pouco mais ousado.'),
(9, 'caiofernandes', 8.9, 'Muito bom, adorei o roteiro e a forma como as cenas se conectaram.'),
(7, 'thamiresribeiro', 9.0, 'Um filme único, com ótimas reviravoltas na trama.'),
(7, 'mateuscunha', 8.2, 'Ótimo filme, mas o final deixou um pouco a desejar.'),
(3, 'priscilafonseca', 8.6, 'Muito interessante, mas o filme deixou algumas lacunas na história.'),
(1, 'samuelalbuquerque', 9.1, 'Um grande filme, bem produzido, com ótimas cenas e uma história envolvente.');

INSERT INTO Membro (NOME, PAIS, DATA_NASCIMENTO, DATA_FALECIMENTO) VALUES
('Francis Ford Coppola', 'EUA', '1939-04-07', NULL),
('David Fincher', 'EUA', '1962-08-28', NULL),
('Christopher Nolan', 'Reino Unido', '1970-07-30', NULL),
('Fernando Meirelles', 'Brasil', '1955-11-09', NULL),
('Robert Zemeckis', 'EUA', '1952-05-14', NULL),
('Peter Jackson', 'Nova Zelândia', '1961-10-31', NULL),
('Stanley Kubrick', 'EUA', '1928-07-26', '1999-03-07'),
('Bong Joon-ho', 'Coreia do Sul', '1969-09-14', NULL),
('Ridley Scott', 'Reino Unido', '1937-11-30', NULL),
('Martin Scorsese', 'EUA', '1942-11-17', NULL),
('Anthony Russo', 'EUA', '1970-02-03', NULL),
('Joe Russo', 'EUA', '1971-07-08', NULL),
('Damien Chazelle', 'EUA', '1985-01-19', NULL),
('Bryan Singer', 'EUA', '1965-09-17', NULL),
('M. Night Shyamalan', 'EUA', '1970-08-06', NULL),
('James Cameron', 'Canadá', '1954-08-16', NULL),
('Roger Allers', 'EUA', '1954-06-08', NULL),
('Rob Minkoff', 'EUA', '1962-08-11', NULL),
('Jean-Pierre Jeunet', 'França', '1953-09-03', NULL),
('Roman Polanski', 'França', '1933-08-18', NULL),
('José Padilha', 'Brasil', '1967-08-01', NULL),
('Jordan Peele', 'EUA', '1979-02-21', NULL),
('Michel Hazanavicius', 'França', '1967-03-29', NULL),
('Olivier Nakache', 'França', '1973-04-09', NULL),
('Éric Toledano', 'França', '1970-07-03', NULL),
('Henry Selick', 'EUA', '1952-11-30', NULL),
('Gary Trousdale', 'EUA', '1960-12-15', NULL),
('Kirk Wise', 'EUA', '1961-10-10', NULL),
('David Frankel', 'EUA', '1954-03-02', NULL),
('Quentin Tarantino', 'EUA', '1963-03-27', NULL),
('Tim Burton', 'Reino Unido', '1958-08-25', NULL),
('Spike Lee', 'EUA', '1957-03-20', NULL),
('Michael Bay', 'EUA', '1965-02-17', NULL),
('Zack Snyder', 'EUA', '1966-03-01', NULL),
('Luc Besson', 'França', '1959-03-18', NULL),
('John Carpenter', 'EUA', '1948-01-16', NULL),
('Timothy Dalton', 'Reino Unido', '1946-03-21', NULL),
('Mel Gibson', 'EUA', '1956-01-03', NULL),
('Ava DuVernay', 'EUA', '1972-08-24', NULL),
('James Gunn', 'EUA', '1966-08-05', NULL),
('Robert Rodriguez', 'EUA', '1968-06-20', NULL),
('Michael Mann', 'EUA', '1943-02-05', NULL),
('Frank Darabont', 'EUA', '1959-01-28', NULL),
('Kathryn Bigelow', 'EUA', '1951-11-27', NULL),
('Marlon Brando', 'EUA', '1924-4-3', '2004-7-1'),
('Al Pacino', 'EUA', '1940-4-25', NULL),
('Edward Norton', 'EUA', '1969-08-18', NULL),
('Brad Pitt', 'EUA', '1963-12-18', NULL),
('Leonardo DiCaprio', 'EUA', '1974-11-11', NULL),
('Alexandre Rodrigues', 'Brasil', '1983-5-21', NULL),
('John Travolta', 'EUA', '1954-2-18', NULL),
('Tom Hanks', 'EUA', '1956-7-9', NULL),
('Elijah Wood', 'EUA', '1981-1-28', NULL),
('Matthew McConaughey', 'EUA', '1969-11-4', NULL),
('Keanu Reeves', 'Canadá', '1964-9-2', NULL),
('Lana Wachowski', 'EUA', '1965-6-21', NULL),
('Lilly Wachowski', 'EUA', '1967-12-29', NULL),
('Russell Crowe', 'Nova Zelândia', '1964-4-7', NULL),
('Jack Nicholson', 'EUA', '1937-4-22', NULL),
('Song Kang-ho', 'Coreia do Sul', '1967-1-17', NULL),
('Jamie Foxx', 'EUA', '1967-12-13', NULL),
('Robert Downey Jr.', 'EUA', '1965-4-4', NULL),
('Christian Bale', 'Reino Unido', '1974-1-30', NULL),
('Heath Ledger', 'Austrália', '1979-4-4', '2008-1-22'),
('Miles Teller', 'EUA', '1987-2-20', NULL),
('Kevin Spacey', 'EUA', '1959-6-26', NULL),
('Bruce Willis', 'Alemanha', '1955-3-19', NULL);

INSERT INTO Solicitacao_Filme (NOME, ANO, ID_SOLICITACAO, DURACAO, GENERO, SINOPSE, DIRETOR, IDIOMA) VALUES
('O Poderoso Chefão', 2024, 1, 175, 'Crime', 'A saga de uma poderosa família mafiosa tentando manter seu império enquanto enfrenta ameaças internas e externas.', 'Francis Ford Coppola', 'Inglês'),
('Clube da Luta', 2025, 2, 139, 'Drama', 'Um executivo frustrado encontra um novo propósito ao conhecer um carismático vendedor que o leva a um clube secreto de luta.', 'David Fincher', 'Inglês'),
('A Origem', 2024, 3, 148, 'Ficção Científica', 'Ladrões especializados em invadir os sonhos de suas vítimas se envolvem em uma missão para implantar uma ideia na mente de um empresário.', 'Christopher Nolan', 'Inglês'),
('Cidade de Deus', 2024, 4, 130, 'Crime', 'A luta pela sobrevivência de jovens em uma favela no Rio de Janeiro, marcada pela violência e corrupção.', 'Fernando Meirelles', 'Português'),
('Pulp Fiction', 2025, 5, 154, 'Crime', 'Histórias entrelaçadas de criminosos e suas vidas caóticas, em uma narrativa não linear que desafia as convenções do cinema.', 'Quentin Tarantino', 'Inglês'),
('Forrest Gump', 2024, 6, 142, 'Drama', 'A vida de um homem simples que, sem saber, se torna uma peça fundamental nos maiores eventos históricos da América.', 'Robert Zemeckis', 'Inglês'),
('O Senhor dos Anéis: O Retorno do Rei', 2025, 7, 201, 'Fantasia', 'A batalha final entre as forças do bem e do mal pela posse do Anel, que pode destruir a Terra-média.', 'Peter Jackson', 'Inglês'),
('Interestelar', 2024, 8, 169, 'Ficção Científica', 'Uma equipe de astronautas viaja por um buraco de minhoca em busca de um novo planeta habitável para a sobrevivência da humanidade.', 'Christopher Nolan', 'Inglês'),
('Matrix', 2025, 9, 136, 'Ficção Científica', 'Um hacker descobre que a realidade que conhece é uma simulação e se junta a um grupo de rebeldes para lutar contra as máquinas que controlam o mundo.', 'Lana Wachowski, Lilly Wachowski', 'Inglês'),
('Gladiador', 2024, 10, 155, 'Ação', 'Um general romano busca vingança contra o imperador que assassinou sua família e o traiu.', 'Ridley Scott', 'Inglês'),
('O Iluminado', 2025, 11, 146, 'Terror', 'Um homem enlouquece enquanto cuida de um hotel isolado, onde forças sobrenaturais começam a afetar sua sanidade.', 'Stanley Kubrick', 'Inglês'),
('Parasita', 2024, 12, 132, 'Drama', 'Uma família pobre se infiltra na casa de uma família rica e começa a alterar o curso de suas vidas de maneira inesperada.', 'Bong Joon-ho', 'Coreano'),
('Django Livre', 2025, 13, 165, 'Faroeste', 'Um escravo liberto se junta a um caçador de recompensas para resgatar sua esposa de um brutal proprietário de plantações.', 'Quentin Tarantino', 'Inglês'),
('O Lobo de Wall Street', 2024, 14, 180, 'Comédia', 'A história real de um corretor de bolsa que se envolve em fraudes e excessos de consumo, buscando dinheiro a qualquer custo.', 'Martin Scorsese', 'Inglês'),
('Os Infiltrados', 2025, 15, 151, 'Crime', 'Um policial infiltrado na máfia tenta derrubar um chefão do crime enquanto um membro da máfia se infiltra na polícia.', 'Martin Scorsese', 'Inglês'),
('Vingadores: Ultimato', 2024, 16, 181, 'Ação', 'Os heróis restantes do universo Marvel tentam reverter o estalo de Thanos e salvar o universo.', 'Anthony Russo, Joe Russo', 'Inglês'),
('Batman: O Cavaleiro das Trevas', 2025, 17, 152, 'Ação', 'Batman enfrenta o Coringa, que traz caos e destruição a Gotham, desafiando a moralidade e as escolhas do herói.', 'Christopher Nolan', 'Inglês'),
('Whiplash', 2024, 18, 107, 'Drama', 'Um jovem baterista luta para agradar seu professor extremamente exigente enquanto busca seu lugar no mundo da música.', 'Damien Chazelle', 'Inglês'),
('Os Suspeitos', 2025, 19, 106, 'Crime', 'Cinco criminosos se encontram em uma cela e, depois de um interrogatório intenso, começam a planejar um golpe juntos.', 'Bryan Singer', 'Inglês'),
('O Sexto Sentido', 2024, 20, 107, 'Terror', 'Um menino que vê pessoas mortas busca a ajuda de um psicólogo para entender seu don.', 'M. Night Shyamalan', 'Inglês'),
('Titanic', 2025, 21, 195, 'Romance', 'O romance trágico entre Jack e Rose se desenrola no luxuoso navio Titanic, que está prestes a afundar.', 'James Cameron', 'Inglês'),
('O Rei Leão', 2024, 22, 88, 'Animação', 'O jovem leão Simba aprende sobre vida e liderança enquanto tenta assumir seu lugar como rei da savana.', 'Roger Allers, Rob Minkoff', 'Inglês'),
('De Volta para o Futuro', 2025, 23, 116, 'Ficção Científica', 'Um jovem viaja no tempo com a ajuda de um carro modificado para tentar consertar erros no passado.', 'Robert Zemeckis', 'Inglês'),
('O Fabuloso Destino de Amélie Poulain', 2024, 24, 122, 'Comédia', 'Uma jovem tenta melhorar a vida das pessoas ao seu redor, criando situações mágicas e misteriosas para seus amigos e familiares.', 'Jean-Pierre Jeunet', 'Francês'),
('O Pianista', 2025, 25, 150, 'Drama', 'Um músico judeu luta para sobreviver durante o Holocausto em Varsóvia, enfrentando a brutalidade da guerra.', 'Roman Polanski', 'Inglês');

INSERT INTO Tags_Solicitacao (ID_SOLICITACAO, TAG) VALUES
(1, 'Crime'),
(1, 'Mafia'),
(2, 'Psychological'),
(2, 'Mind-Bending'),
(3, 'Crime'),
(3, 'Family'),
(4, 'Gangster'),
(4, 'Violence'),
(5, 'Superhero'),
(5, 'Psychological'),
(6, 'Rebellion'),
(6, 'Fight'),
(7, 'Inspirational'),
(7, 'Heartwarming'),
(8, 'Justice'),
(8, 'Friendship'),
(9, 'Sicilian'),
(9, 'Power'),
(10, 'Fantasy'),
(10, 'Epic'),
(11, 'Quest'),
(11, 'Adventure'),
(12, 'Battle'),
(12, 'Good vs Evil'),
(13, 'Alien'),
(13, 'War'),
(14, 'Space'),
(14, 'Rebellion'),
(15, 'Thriller'),
(15, 'Mind-Control'),
(16, 'Martial Arts'),
(16, 'Revenge'),
(17, 'Dinosaurs'),
(17, 'Adventure'),
(18, 'Illusion'),
(18, 'Trickery'),
(19, 'Hero'),
(19, 'Vengeance'),
(20, 'Time Travel'),
(20, 'Exploration'),
(21, 'Psychological'),
(21, 'Serial Killer'),
(22, 'Mystery'),
(22, 'Investigation'),
(23, 'Cyborg'),
(23, 'Future'),
(24, 'Post-Apocalyptic'),
(24, 'Survival'),
(25, 'Financial'),
(25, 'Greed'),
(6, 'Holocaust'),
(6, 'Tragedy'),
(7, 'War'),
(17, 'Revenge'),
(18, 'Suspense'),
(18, 'Conspiracy'),
(19, 'Humanity'),
(19, 'Prison'),
(10, 'Entrepreneur'),
(10, 'Business'),
(11, 'Satire'),
(21, 'Corruption'),
(22, 'Spy'),
(22, 'Terrorist'),
(23, 'Space Exploration'),
(13, 'AI'),
(14, 'Witchcraft'),
(14, 'Adventure'),
(15, 'Romantic'),
(15, 'Historical'),
(5, 'Action-packed'),
(25, 'Spy-thriller'),
(5, 'Murder'),
(25, 'Mystery'),
(3, 'Espionage'),
(3, 'Action'),
(3, 'Detective'),
(3, 'Crime-solving'),
(4, 'Fantasy'),
(4, 'Mythology'),
(4, 'Detective'),
(4, 'Crime'),
(4, 'Drama'),
(4, 'Suspense'),
(4, 'History'),
(4, 'Adventure'),
(4, 'Animation');

INSERT INTO Solicita (ID_SOLICITACAO, USERNAME) VALUES
(1, 'antonioribeiro'),
(2, 'lucianacarvalho'),
(3, 'felipearaujo'),
(4, 'tatianemendes'),
(5, 'gustavonascimento'),
(6, 'marianacruz'),
(7, 'rodrigobarbosa'),
(8, 'camilaferreira'),
(9, 'leonardosouza'),
(10, 'vanessalima'),
(11, 'ricardocavalcante'),
(12, 'isabellemartins'),
(13, 'andremiranda'),
(14, 'nataliamelo'),
(15, 'brunocastro'),
(16, 'alineoliveira'),
(17, 'viniciustorres'),
(18, 'danieladias'),
(19, 'henriquecosta'),
(20, 'patriciafigueiredo'),
(21, 'joaopedroalves'),
(22, 'samiracardoso'),
(23, 'fabriciomonteiro'),
(24, 'sabrinasantos'),
(25, 'marcelorodrigues');

INSERT INTO Aprova (ID_SOLICITACAO, USERNAME) VALUES
(1, 'joaoferreira'),
(2, 'mariasilva'),
(3, 'carlosrocha'),
(4, 'fernandolima'),
(5, 'anacastro'),
(6, 'pedrosouza'),
(7, 'laisvieira'),
(8, 'gabrielmoura'),
(9, 'julianafonseca'),
(22, 'lucasmarques'),
(23, 'carolpires'),
(24, 'rodrigosouza'),
(25, 'isabelcosta');

INSERT INTO Assistira (ID_FILME, USERNAME) VALUES
(1, 'antonioribeiro'),
(2, 'lucianacarvalho'),
(3, 'felipearaujo'),
(4, 'tatianemendes'),
(5, 'gustavonascimento'),
(6, 'marianacruz'),
(7, 'rodrigobarbosa'),
(8, 'camilaferreira'),
(9, 'leonardosouza'),
(10, 'vanessalima'),
(11, 'ricardocavalcante'),
(12, 'isabellemartins'),
(13, 'andremiranda'),
(14, 'nataliamelo'),
(15, 'brunocastro'),
(16, 'alineoliveira'),
(17, 'viniciustorres'),
(18, 'danieladias'),
(19, 'henriquecosta'),
(20, 'patriciafigueiredo'),
(21, 'joaopedroalves'),
(22, 'samiracardoso'),
(23, 'fabriciomonteiro'),
(24, 'sabrinasantos'),
(24, 'ricardocavalcante'),
(25, 'marcelorodrigues'),
(26, 'biancaramos'),
(27, 'fernandovieira'),
(28, 'moniquealmeida'),
(29, 'alexandresilva'),
(30, 'janainapereira'),
(31, 'evandropaixao'),
(32, 'renataandrade'),
(33, 'caiocampos'),
(3, 'leoncio'),
(32, 'leoncio'),
(33, 'leoncio'),
(34, 'leoncio'),
(2, 'leoncio'),
(35, 'gustavocorreia');

INSERT INTO Participou (ID_FILME, NOME, CARGO) VALUES
(1, 'Marlon Brando', 'Ator'),
(1, 'Al Pacino', 'Ator'),
(1, 'Francis Ford Coppola', 'Diretor'),
(2, 'Edward Norton', 'Ator'),
(2, 'Brad Pitt', 'Ator'),
(2, 'David Fincher', 'Diretor'),
(3, 'Leonardo DiCaprio', 'Ator'),
(3, 'Christopher Nolan', 'Diretor'),
(4, 'Alexandre Rodrigues', 'Ator'),
(4, 'Fernando Meirelles', 'Diretor'),
(5, 'John Travolta', 'Ator'),
(5, 'Quentin Tarantino', 'Diretor'),
(6, 'Tom Hanks', 'Ator'),
(6, 'Robert Zemeckis', 'Diretor'),
(7, 'Elijah Wood', 'Ator'),
(7, 'Peter Jackson', 'Diretor'),
(8, 'Matthew McConaughey', 'Ator'),
(8, 'Christopher Nolan', 'Diretor'),
(9, 'Keanu Reeves', 'Ator'),
(9, 'Lana Wachowski', 'Diretora'),
(9, 'Lilly Wachowski', 'Diretora'),
(10, 'Russell Crowe', 'Ator'),
(10, 'Ridley Scott', 'Diretor'),
(11, 'Jack Nicholson', 'Ator'),
(11, 'Stanley Kubrick', 'Diretor'),
(12, 'Song Kang-ho', 'Ator'),
(12, 'Bong Joon-ho', 'Diretor'),
(13, 'Jamie Foxx', 'Ator'),
(13, 'Quentin Tarantino', 'Diretor'),
(14, 'Leonardo DiCaprio', 'Ator'),
(14, 'Martin Scorsese', 'Diretor'),
(15, 'Jack Nicholson', 'Ator'),
(15, 'Martin Scorsese', 'Diretor'),
(16, 'Robert Downey Jr.', 'Ator'),
(16, 'Joe Russo', 'Diretor'),
(16, 'Anthony Russo', 'Diretor'),
(17, 'Christian Bale', 'Ator'),
(17, 'Heath Ledger', 'Ator'),
(17, 'Christopher Nolan', 'Diretor'),
(18, 'Miles Teller', 'Ator'),
(18, 'Damien Chazelle', 'Diretor'),
(19, 'Kevin Spacey', 'Ator'),
(19, 'Bryan Singer', 'Diretor'),
(20, 'Bruce Willis', 'Ator'),
(20, 'M. Night Shyamalan', 'Diretor');

INSERT INTO Assistiu (ID_FILME, USERNAME) VALUES
(4, 'fernandovieira'),
(6, 'isadorasouza'),
(6, 'vanessalima'),
(7, 'leoncio'),
(7, 'camilasantos'),
(8, 'tiagomelo'),
(10, 'leoncio'),
(10, 'leoncio2'),
(11, 'leoncio3'),
(11, 'leoncio5'),
(12, 'leoncio2'),
(13, 'paulomoraes'),
(13, 'tatianemendes'),
(14, 'sabrinasantos'),
(14, 'janainapereira'),
(15, 'evandropaixao'),
(15, 'marcelatavares'),
(16, 'moniquealmeida'),
(17, 'moniquealmeida'),
(16, 'priscilafonseca'),
(17, 'priscilafonseca'),
(16, 'brunavieira'),
(17, 'caiofernandes'),
(16, 'leonardosouza'),
(17, 'alexandresilva'),
(17, 'evandropaixao'),
(17, 'andremiranda'),
(17, 'mateuscunha'),
(18, 'thamiresribeiro');

INSERT INTO Favoritou (ID_FILME, USERNAME) VALUES
(1, 'leoncio8'),
(3, 'eduardogomes'),
(4, 'leoncio'),
(6, 'leonardobrandao'),
(7, 'leonardobrandao'),
(8, 'brunocastro'),
(9, 'vanessalima'),
(11, 'fernandovieira'),
(13, 'camilasantos'),
(14, 'leoncio'),
(15, 'leoncio2'),
(16, 'moniquealmeida'),
(17, 'eduardogomes'),
(18, 'eduardogomes'),
(19, 'eduardogomes'),
(20, 'isadorasouza'),
(1, 'eduardogomes'),
(2, 'leonardobrandao'),
(3, 'leonardobrandao'),
(4, 'leoncio5'),
(6, 'tatianemendes'),
(7, 'janainapereira'),
(8, 'leoncio2'),
(9, 'marcelatavares'),
(10, 'paulomoraes'),
(11, 'marianacruz'),
(12, 'marianacruz'),
(13, 'larissamartins'),
(14, 'sabrinasantos'),
(15, 'clarissabarbosa'),
(16, 'caiofernandes'),
(17, 'felipearaujo'),
(18, 'vanessalima'),
(19, 'viniciustorres'),
(20, 'viniciustorres'),
(1, 'samuelalbuquerque'),
(2, 'priscilafonseca'),
(3, 'priscilafonseca'),
(4, 'tatianebastos'),
(5, 'larissamartins'),
(6, 'marcelorodrigues'),
(7, 'brunocastro'),
(8, 'henriquecosta'),
(9, 'henriquecosta'),
(10, 'henriquecosta');

/*
Para demo do trigger:

SELECT ID_FILME, NOME, NOTA_AGREGADA FROM Filme ORDER BY NOTA_AGREGADA DESC;

INSERT INTO Avaliacao VALUES (16, 'antonioribeiro', 2.0, 'Cocô')

*/